Date;TeamAbbreviation;PlayerName;Duration
2022-11-07;BOS;Anton Strålman;DTD
2022-11-07;WAS;Jared Spurgeon;DTD
2022-11-08;CBJ;Adam Boqvist;DTD
2022-11-08;TBL;Haydn Fleury;1-2 months
2022-11-11;SJS;Mario Ferraro;DTD
2022-11-12;ANA;Ryan Strome;1-2 weeks
2022-11-12;NYI;Adam Pelech;DTD
2022-11-12;NYR;Artemi Panarin;DTD
2022-11-12;PHI;Travis Konecny;DTD
2022-11-13;DAL;Joe Pavelski;2-3 weeks
2022-11-13;WPG;Neal Pionk;1-2 weeks
2022-11-14;COL;Valeri Nichushkin;DTD
2022-11-14;OTT;Claude Giroux;1-2 weeks
2022-11-15;ANA;Dmitry Kulikov;DTD
2022-11-15;BUF;Owen Power;1-2 weeks
2022-11-15;BUF;Mattias Samuelsson;DTD
2022-11-15;PIT;Brian Dumoulin;DTD
2022-11-15;TBL;Ian Cole;Indefinite
2022-11-17;COL;Darren Helm;DTD
2022-11-18;ANA;Nicolas Deslauriers;DTD
2022-11-19;CGY;Blake Coleman;DTD
2022-11-19;CBJ;Boone Jenner;2-3 weeks
2022-11-19;CBJ;Mathieu Olivier;DTD
2022-11-19;FLA;Carter Verhaeghe;2-3 weeks
2022-11-19;MIN;Matt Boldy;DTD
2022-11-19;PIT;Pierre-Olivier Joseph;1-2 weeks
2022-11-19;PIT;Jeff Carter;Indefinite
2022-11-19;WAS;T.J. Oshie;1-2 weeks
2022-11-19;WAS;Matt Irwin;DTD
2022-11-21;NJD;Ryan Graves;2-3 weeks
2022-11-21;STL;Pavel Buchnevich;DTD
2022-11-21;STL;Ivan Barbashev;1-2 months
2022-11-22;NYR;K'Andre Miller;DTD
2022-11-23;CBJ;Cole Sillinger;DTD
2022-11-23;NYI;Noah Dobson;DTD
2022-11-23;OTT;Nikita Zaitsev;2-3 weeks
2022-11-23;VAN;Ilya Mikheyev;DTD
2022-11-23;WPG;Jansen Harkins;DTD
2022-11-25;BUF;Rasmus Dahlin;1-2 weeks
2022-11-25;DET;Tyler Bertuzzi;3-4 months
2022-11-25;NJD;Jesper Boqvist;Indefinite
2022-11-25;OTT;Jake Sanderson;2-3 weeks
2022-11-25;VGK;Mark Stone;1-2 weeks
2022-11-26;CBJ;Erik Gudbranson;DTD
2022-11-26;NJD;John Marino;DTD
2022-11-26;VGK;Alex Steeves;1-2 months
2022-11-27;CHI;Taylor Raddysh;2-3 weeks
2022-11-27;LAK;Kevin Fiala;DTD
2022-11-27;MIN;Alec Martinez;1-2 weeks
2022-11-29;CAR;Jesper Fast;2-3 weeks
2022-11-30;DET;Ben Chiarot;DTD
2022-11-30;OTT;Austin Watson;DTD
2022-11-30;SJS;Logan Couture;DTD
2022-12-01;LAK;Matt Roy;2-3 weeks
2022-12-01;NSH;Ryan McDonagh;DTD
2022-12-01;STL;Vladimir Tarasenko;1-2 months
2022-12-01;TBL;Rudolfs Balcers;DTD
2022-12-01;TBL;Patrick Maroon;1-2 months
2022-12-01;PHI;James van Riemsdyk;DTD
2022-12-04;WPG;Jonas Brodin;DTD
2022-12-05;MTL;Cole Caufield;2-3 weeks
2022-12-05;STL;Colton Parayko;1-2 weeks
2022-12-05;VAN;Vasili Podkolzin;1-2 weeks
2022-12-05;WAS;Dmitry Orlov;DTD
2022-12-06;DET;Robert Hägg;1-2 weeks
2022-12-07;ARZ;Dysin Mayo;1-2 months
2022-12-07;SJS;Marc-Edouard Vlasic;1-2 weeks
2022-12-07;VGK;T.J. Tynan;DTD
2022-12-08;WPG;Otto Koivula;DTD
2022-12-09;EDM;Ryan McLeod;DTD
2022-12-09;SEA;Joonas Donskoi;DTD
2022-12-10;MIN;Nic Petan;DTD
2022-12-13;BOS;Erik Gustafsson;2-3 weeks
2022-12-13;CHI;Seth Jones;DTD
2022-12-13;DAL;Mason Marchment;2-3 weeks
2022-12-13;DET;Ben Chiarot;2-3 months
2022-12-14;PHI;Travis Konecny;1-2 weeks
2022-12-15;BOS;Hampus Lindholm;1-2 weeks
2022-12-16;ARZ;Isac Lundeström;1-2 weeks
2022-12-16;CGY;Nicolas Meloche;DTD
2022-12-17;CBJ;Patrik Laine;2-3 weeks
2022-12-17;DAL;Miro Heiskanen;DTD
2022-12-17;FLA;Matthew Tkachuk;DTD
2022-12-17;OTT;Tyler Motte;DTD
2022-12-18;PIT;Sidney Crosby;DTD
2022-12-19;EDM;Darnell Nurse;1-2 months
2022-12-19;FLA;Ryan Lomberg;DTD
2022-12-19;MTL;Jake Evans;DTD
2022-12-20;LAK;Gabe Vilardi;DTD
2022-12-20;OTT;Antoine Bibeau;DTD
2022-12-20;TOR;Pierre Engvall;1-2 weeks
2022-12-21;NSH;Roman Josi;DTD
2022-12-22;DAL;Radek Faksa;2-3 months
2022-12-23;CAR;Teuvo Teräväinen;DTD
2022-12-23;MTL;Joel Edmundson;3-4 months
2022-12-23;NYI;Brock Nelson;1-2 months
2022-12-23;OTT;Jacob Larsson;2-3 weeks
2022-12-23;STL;Brandon Saad;2-3 weeks
2022-12-24;WAS;T.J. Oshie;DTD
2022-12-25;VGK;T.J. Tynan;DTD
2022-12-26;NSH;Tanner Jeannot;DTD
2022-12-27;COL;Nathan MacKinnon;DTD
2022-12-27;CBJ;Adam Boqvist;2-3 weeks
2022-12-27;OTT;Jake Sanderson;DTD
2022-12-28;MTL;Chris Wideman;1-2 weeks
2022-12-29;COL;Erik Johnson;DTD
2022-12-29;OTT;Derick Brassard;DTD
2022-12-29;SJS;Luke Kunin;DTD
2022-12-29;STL;Brayden Schenn;DTD
2022-12-29;WAS;John Carlson;DTD
2022-12-30;PIT;Pierre-Olivier Joseph;DTD
2022-12-31;STL;Matthew Highmore;1-2 months
2022-12-31;VGK;Alex Pietrangelo;DTD
2022-12-31;VGK;Reilly Smith;1-2 weeks
2023-01-01;ANA;Jakob Silfverberg;DTD
2023-01-02;ANA;John Hayden;Indefinite
2023-01-03;TOR;Auston Matthews;DTD
2023-01-03;WPG;Neal Pionk;1-2 weeks
2023-01-04;ANA;Trevor Zegras;2-3 weeks
2023-01-05;BUF;Riley Sheahan;DTD
2023-01-05;WAS;T.J. Oshie;DTD
2023-01-06;CHI;Jujhar Khaira;2-3 weeks
2023-01-06;EDM;Jesse Puljujärvi;DTD
2023-01-07;DET;Olli Määttä;DTD
2023-01-07;MTL;Christian Dvorak;1-2 months
2023-01-08;WPG;Nikolaj Ehlers;1-2 months
2023-01-10;CAR;Jesperi Kotkaniemi;DTD
2023-01-10;DAL;Thomas Harley;DTD
2023-01-10;SEA;Ryan Donato;1-2 weeks
2023-01-10;SEA;Vince Dunn;1-2 weeks
2023-01-10;VAN;Tucker Poolman;DTD
2023-01-10;VAN;Brock Boeser;2-3 weeks
2023-01-11;ANA;Nicolas Deslauriers;DTD
2023-01-11;EDM;Jack Campbell;DTD
2023-01-12;CGY;Jonathan Huberdeau;2-3 weeks
2023-01-12;OTT;Artem Zub;DTD
2023-01-14;BOS;Charlie McAvoy;DTD
2023-01-14;NSH;Mark Borowiecki;DTD
2023-01-15;COL;Alexandar Georgiyev;1-2 weeks
2023-01-15;VAN;Elias Pettersson;DTD
2023-01-16;DAL;Pierre-Edouard Bellemare;Indefinite
2023-01-16;DAL;Miro Heiskanen;2-3 weeks
2023-01-16;STL;Brandon Saad;DTD
2023-01-16;TBL;Victor Hedman;DTD
2023-01-17;ARZ;Isac Lundeström;1-2 weeks
2023-01-17;EDM;Ryan McLeod;Indefinite
2023-01-17;TBL;Brian Elliott;1-2 months
2023-01-18;DAL;Ryan Pulock;1-2 weeks
2023-01-18;NJD;Dougie Hamilton;DTD
2023-01-18;OTT;Nick Holden;DTD
2023-01-19;CBJ;Andrew Peeke;DTD
2023-01-19;DET;Jordan Oesterle;DTD
2023-01-19;EDM;Derek Ryan;2-3 weeks
2023-01-19;PHI;Matt Grzelcyk;DTD
2023-01-20;VAN;Oliver Ekman Larsson;1-2 weeks
2023-01-21;CHI;Caleb Jones;DTD
2023-01-21;STL;Nathan Walker;1-2 weeks
2023-01-21;STL;Torey Krug;DTD
2023-01-22;ARZ;Troy Stecher;DTD
2023-01-24;ARZ;Shayne Gostisbehere;DTD
2023-01-24;NSH;Tanner Jeannot;1-2 months
2023-01-26;BOS;David Pastrnak;DTD
2023-01-26;MIN;Alex Goligoski;1-2 weeks
2023-01-26;MTL;Cole Caufield;DTD
2023-01-26;TBL;Brayden Point;3-4 months
2023-01-26;WPG;Ville Heinola;1-2 weeks
2023-01-27;OTT;Nikita Zaitsev;DTD
2023-01-27;VAN;Tucker Poolman;DTD
2023-01-27;VGK;Mats Zuccarello;2-3 weeks
2023-01-28;NYI;Josh Bailey;2-3 weeks
2023-01-28;PIT;Evgeni Malkin;3-4 months
2023-01-28;VGK;Shea Theodore;DTD
2023-01-29;ARZ;Travis Boyd;DTD
2023-01-29;CAR;Brett Pesce;DTD
2023-01-29;CAR;Jake Gardiner;DTD
2023-02-01;TOR;Auston Matthews;2-3 months
2023-02-06;NJD;Ondrej Palat;DTD
2023-02-06;TBL;Brandon Hagel;1-2 weeks
2023-02-07;PIT;Brian Dumoulin;2-3 weeks
2023-02-07;SEA;Jaden Schwartz;1-2 weeks
2023-02-07;VGK;T.J. Tynan;DTD
2023-02-08;NYR;Sammy Blais;1-2 months
2023-02-08;VAN;Elias Pettersson;DTD
2023-02-09;COL;Alex Newhook;DTD
2023-02-09;MIN;Nick Swaney;3-4 months
2023-02-10;CHI;Jason Dickinson;DTD
2023-02-11;LAK;Drew Doughty;2-3 weeks
2023-02-12;EDM;Evander Kane;DTD
2023-02-13;EDM;Ryan Murray;1-2 weeks
2023-02-13;FLA;Patric Hörnqvist;DTD
2023-02-13;VAN;Bo Horvat;1-2 weeks
2023-02-14;MTL;Mike Hoffman;DTD
2023-02-14;PIT;Brock McGinn;DTD
2023-02-15;CHI;Max Domi;DTD
2023-02-16;BOS;Brandon Carlo;Indefinite
2023-02-16;CBJ;Yegor Chinakhov;DTD
2023-02-17;PHI;Frankie Vatrano;2-3 weeks
2023-02-17;CHI;Seth Jones;1-2 weeks
2023-02-17;EDM;Ryan Nugent-Hopkins;DTD
2023-02-17;NYI;Ivan Barbashev;DTD
2023-02-17;NYR;Zac Jones;DTD
2023-02-18;CBJ;Vladislav Gavrikov;DTD
2023-02-18;NJD;Fabian Zetterlund;DTD
2023-02-18;PIT;Jason Zucker;DTD
2023-02-18;WAS;Jon Merrill;1-2 weeks
2023-02-19;COL;J.T. Compher;DTD
2023-02-19;MIN;Kale Clague;DTD
2023-02-19;TOR;David Kämpf;DTD
2023-02-19;WPG;Sam Gagner;DTD
2023-02-21;MTL;Jordan Harris;DTD
2023-02-22;CGY;Mikael Backlund;1-2 weeks
2023-02-23;CBJ;Patrik Laine;DTD
2023-02-23;MIN;Nic Petan;DTD
2023-02-23;VAN;Andrei Kuzmenko;2-3 weeks
2023-02-24;DAL;Ty Dellandrea;DTD
2023-02-24;LAK;Phillip Danault;DTD
2023-02-24;MIN;Alec Martinez;1-2 months
2023-02-25;CAR;Sebastian Aho;3-4 months
2023-02-25;DET;Pius Suter;DTD
2023-02-26;TOR;Morgan Rielly;1-2 months
2023-02-27;COL;Alex Newhook;DTD
2023-02-28;BUF;Tage Thompson;DTD
2023-02-28;CHI;Mike Reilly;1-2 weeks
2023-02-28;PIT;Ryan Poehling;1-2 months
2023-02-28;SJS;Nico Sturm;1-2 months
2023-03-01;ARZ;Jan Jeník;DTD
2023-03-02;BUF;Alex Tuch;Indefinite
2023-03-02;STL;Tyler Pitlick;DTD
2023-03-02;TOR;Marcus Foligno;DTD
2023-03-03;ANA;Adam Henrique;2-3 weeks
2023-03-03;ANA;Cody Ceci;DTD
2023-03-03;EDM;Philip Broberg;1-2 weeks
2023-03-03;MTL;Juraj Slafkovský;2-3 weeks
2023-03-03;NJD;Dougie Hamilton;DTD
2023-03-03;SEA;Robby Fabbri;1-2 weeks
2023-03-04;COL;Erik Johnson;DTD
2023-03-04;FLA;Radko Gudas;DTD
2023-03-04;MIN;Marco Rossi;DTD
2023-03-04;NYI;Anthony Beauvillier;DTD
2023-03-05;SEA;Conor Timmins;DTD
2023-03-06;CHI;Philipp Kurashev;DTD
2023-03-06;EDM;Connor McDavid;2-3 months
2023-03-06;NSH;Ryan McDonagh;DTD
2023-03-06;WAS;T.J. Oshie;DTD
2023-03-07;COL;Paul Stastny;1-2 weeks
2023-03-07;NJD;Nathan Bastian;1-2 weeks
2023-03-07;PIT;Danton Heinen;DTD
2023-03-07;PIT;Bryan Rust;DTD
2023-03-08;DET;Vince Dunn;DTD
2023-03-09;MTL;Jake Evans;DTD
2023-03-09;VGK;Reilly Smith;DTD
2023-03-09;WAS;Nic Dowd;2-3 months
2023-03-10;VGK;Connor Ingram;1-2 weeks
2023-03-11;BOS;A.J. Greer;1-2 weeks
2023-03-11;EDM;Brett Kulak;2-3 weeks
2023-03-11;STL;Oliver Wahlstrom;1-2 months
2023-03-12;CAR;Jake Gardiner;Indefinite
2023-03-12;WPG;Adam Lowry;DTD
2023-03-14;PIT;Kris Letang;DTD
2023-03-16;DAL;Jani Kiviranta;DTD
2023-03-16;FLA;Brandon Montour;Indefinite
2023-03-16;MTL;Christian Dvorak;2-3 months
2023-03-16;SJS;Erik Karlsson;DTD
2023-03-17;ANA;Cal Foote;DTD
2023-03-18;DAL;Jay Beagle;DTD
2023-03-18;MTL;Paul Byron;DTD
2023-03-19;ANA;Cam Fowler;DTD
2023-03-19;ARZ;Isac Lundeström;1-2 weeks
2023-03-19;BUF;Casey Mittelstadt;DTD
2023-03-19;VGK;Alex Killorn;DTD
2023-03-19;WPG;Kyle Connor;DTD
2023-03-20;CHI;Jason Dickinson;DTD
2023-03-21;ANA;Sam Carrick;2-3 weeks
2023-03-21;DET;Robert Hägg;Indefinite
2023-03-21;TBL;Haydn Fleury;2-3 months
2023-03-21;TBL;Jacob Perreault;Indefinite
2023-03-23;CAR;Jordan Staal;1-2 weeks
2023-03-23;MTL;Bredan Gallagher;1-2 weeks
2023-03-23;NSH;Cody Glass;2-3 weeks
2023-03-23;NSH;Roman Josi;DTD
2023-03-23;NYR;Igor Shesterkin;DTD
2023-03-23;OTT;Thomas Chabot;DTD
2023-03-23;TOR;Rasmus Sandin;DTD
2023-03-23;VGK;Jack Eichel;DTD
2023-03-24;NJD;Jesper Bratt;DTD
2023-03-24;NYI;Adam Pelech;DTD
2023-03-25;CHI;Jake DeBrusk;1-2 months
2023-03-25;OTT;Frédérick Gaudreau;DTD
2023-03-25;WPG;Saku Mäenalanen;DTD
2023-03-26;CHI;Jason Dickinson;DTD
2023-03-27;MTL;Joel Armia;DTD
2023-03-27;OTT;Tyler Motte;DTD
2023-03-28;PIT;Ty Smith;1-2 weeks
2023-03-28;TBL;Erik ?ernák;DTD
2023-03-28;TBL;Oskar Bäck;DTD
2023-03-29;TBL;Brian Elliott;DTD
2023-03-30;BOS;Connor Clifton;DTD
2023-03-30;CBJ;Cole Sillinger;DTD
2023-03-30;FLA;Aaron Ekblad;1-2 months
2023-03-30;SEA;Jordan Eberle;DTD
2023-03-30;VAN;Dakota Joshua;DTD
2023-03-31;NYR;Jacob Trouba;DTD
2023-03-31;VAN;Travis Dermott;1-2 weeks
2023-04-01;NYI;Mathew Barzal;1-2 weeks
2023-04-01;PHI;Scott Mayfield;DTD
2023-04-01;SEA;Jared McCann;DTD
2023-04-02;OTT;Frédérick Gaudreau;1-2 months
2023-04-03;NSH;Matt Duchene;DTD
2023-04-04;DET;Ben Chiarot;DTD
2023-04-04;VGK;Alex Killorn;Indefinite
2023-04-05;MIN;Seth Jarvis;DTD
2023-04-06;BOS;Ryan Hartman;DTD
2023-04-06;BUF;John Peterka;DTD
2023-04-06;DET;Pius Suter;DTD
2023-04-06;MTL;David Savard;DTD
2023-04-06;NYR;Chris Kreider;DTD
2023-04-08;CHI;Tyler Johnson;DTD
2023-04-08;FLA;Michael Del Zotto;1-2 weeks
2023-04-08;SJS;Luke Kunin;DTD
2023-04-10;CGY;Noah Hanifin;2-3 months
2023-04-10;LAK;Alexander Edler;DTD
2023-04-10;LAK;Sean Durzi;1-2 months
2023-04-10;VAN;Tucker Poolman;2-3 weeks
2023-04-10;WPG;Ville Heinola;DTD
2023-04-11;BOS;Jakub Zbo?il;DTD
2023-04-11;DET;Jake Walman;1-2 months
2023-04-11;MIN;Sean Walker;1-2 weeks
2023-04-11;TOR;John Tavares;1-2 weeks
2023-04-11;VAN;Ilya Mikheyev;1-2 weeks
2023-04-13;DAL;Thomas Harley;DTD
2023-04-13;EDM;Kailer Yamamoto;DTD
2023-04-13;LAK;Matt Roy;DTD
2023-04-13;PHI;Owen Tippett;2-3 months
2023-04-13;SEA;Gustav Lindström;2-3 weeks
2023-04-13;STL;Torey Krug;DTD
2023-04-13;TOR;T.J. Brodie;2-3 weeks
2023-04-19;COL;Gabriel Landeskog;2-3 weeks
2023-04-19;VAN;Karson Kuhlman;DTD
2023-04-20;DAL;Roope Hintz;DTD
2023-04-21;DET;David Perron;DTD
2023-04-21;NYR;Barclay Goodrow;1-2 months
2023-04-21;VGK;Tyler Bertuzzi;DTD
2023-04-23;OTT;Patrick Brown;DTD
2023-04-23;DET;Vince Dunn;DTD
2023-04-23;VGK;Nicolas Hague;DTD
2023-04-23;WAS;T.J. Oshie;1-2 months
2023-04-23;VAN;Brock Boeser;DTD
2023-04-23;LAK;Adrian Kempe;DTD
2023-04-25;EDM;Tyson Barrie;DTD
2023-04-25;EDM;Ryan Murray;2-3 months
2023-04-25;STL;Robert Thomas;DTD
2023-09-22;BOS;Brandon Carlo;DTD
2023-09-22;DAL;Esa Lindell;DTD
2023-09-22;MIN;Mikey Milne;DTD
2023-09-22;OTT;Alex DeBrincat;DTD
2023-09-22;WPG;Morgan Barron;DTD
2023-09-24;FLA;Eetu Luostarinen;Indefinite
2023-09-24;PHI;Scott Mayfield;DTD
2023-09-24;PHI;Zemgus Girgensons;1-2 months
2023-09-24;VGK;Jack Eichel;DTD
2023-09-25;ANA;Brian Dumoulin;DTD
2023-09-25;CBJ;Cole Sillinger;2-3 weeks
2023-09-25;MTL;Justin Barron;DTD
2023-09-25;NSH;Eeli Tolvanen;DTD
2023-09-27;CAR;Max Lajoie;DTD
2023-09-27;EDM;Ryan Murray;DTD
2023-09-27;MTL;Juraj Slafkovský;1-2 weeks
2023-09-27;MTL;John Klingberg;1-2 weeks
2023-09-27;STL;Kevin Rooney;DTD
2023-09-28;BUF;Tyson Jost;DTD
2023-09-28;CGY;Blake Coleman;DTD
2023-09-28;COL;Logan O'Connor;1-2 months
2023-09-28;MTL;Cole Caufield;DTD
2023-09-28;SEA;Jared McCann;DTD
2023-09-30;LAK;Brandt Clarke;DTD
2023-09-30;MIN;Alexis Lafrèniere;DTD
2023-09-30;PHI;Ivan Provorov;1-2 months
2023-09-30;TOR;Mathieu Joseph;DTD
2023-10-01;ANA;Pavel Mintyukov;DTD
2023-10-01;CHI;Ian Mitchell;3-4 months
2023-10-01;COL;Wade Allison;DTD
2023-10-01;PHI;Sean Couturier;2-3 months
2023-10-01;SJS;Ryan Merkley;DTD
2023-10-01;TBL;Will Butcher;DTD
2023-10-01;VGK;Morgan Frost;DTD
2023-10-11;NYR;Mika Zibanejad;DTD
2023-10-11;NYR;Jayden Grubbe;DTD
2023-10-11;SEA;Jake Muzzin;2-3 weeks
2023-10-12;CHI;Jake McCabe;1-2 months
2023-10-12;NJD;Michael McLeod;DTD
2023-10-12;PIT;Bryan Rust;2-3 weeks
2023-10-13;CBJ;Jake Neighbours;DTD
2023-10-13;WPG;Ville Heinola;DTD
2023-10-14;DET;David Perron;DTD
2023-10-14;MTL;Mike Matheson;2-3 weeks
2023-10-14;OTT;Frédérick Gaudreau;DTD
2023-10-16;CAR;Brady Skjei;DTD
2023-10-16;DET;Moritz Seider;DTD
2023-10-16;NYI;Timo Meier;DTD
2023-10-17;BOS;Tony DeAngelo;DTD
2023-10-17;NJD;Nathan Bastian;DTD
2023-10-18;DAL;Ryan Suter;DTD
2023-10-18;NYI;Brock Nelson;1-2 weeks
2023-10-19;BOS;Brandon Carlo;1-2 weeks
2023-10-19;CGY;Jakob Pelletier;DTD
2023-10-19;CAR;David Rittich;1-2 weeks
2023-10-19;LAK;Jordan Spence;DTD
2023-10-19;MTL;Christian Dvorak;DTD
2023-10-20;SJS;Cal Clutterbuck;1-2 weeks
2023-10-21;BUF;T.J. Oshie;DTD
2023-10-21;MTL;David Savard;DTD
2023-10-21;NJD;Paul Stastny;DTD
2023-10-21;PHI;Ian Cole;1-2 weeks
2023-10-22;SEA;Jaden Schwartz;DTD
2023-10-22;FLA;Ryan Lomberg;DTD
2023-10-22;NSH;Dante Fabbro;DTD
2023-10-23;DAL;Jake Oettinger;DTD
2023-10-23;LAK;Kevin Fiala;DTD
2023-10-24;NYI;Anthony Mantha;DTD
2023-10-24;OTT;Claude Giroux;DTD
2023-10-24;PHI;Scott Mayfield;DTD
2023-10-24;STL;Robert Thomas;DTD
2023-10-24;TOR;Nolan Patrick;DTD
2023-10-24;VGK;Matt Dumba;1-2 weeks
2023-10-24;WAS;Tom Wilson;DTD
2023-10-25;SJS;William Eklund;DTD
2023-10-26;ARZ;Warren Foegele;2-3 weeks
2023-10-26;DAL;Nils Lundkvist;2-3 weeks
2023-10-26;NJD;Ondrej Palat;DTD
2023-10-27;BUF;Mattias Samuelsson;3-4 months
2023-10-27;NYI;Dennis Cholowski;DTD
2023-10-27;NYR;Mark Pysyk;DTD
2023-10-28;ARZ;Janis Moser;DTD
2023-10-28;VGK;Reilly Smith;DTD
2023-10-30;BOS;Taylor Hall;DTD
2023-10-30;COL;Sampo Ranta;DTD
2023-10-30;DAL;Jason Robertson;DTD
2023-10-31;BUF;Tyler Myers;DTD
2023-10-31;CAR;Michal Jordán;1-2 weeks
2023-10-31;CBJ;Jordan Dumais;3-4 months
2023-10-31;EDM;Darnell Nurse;2-3 weeks
2023-10-31;MIN;Calen Addison;DTD
2023-10-31;TOR;Vitali Abramov;DTD
2023-11-01;NJD;Nico Hischier;1-2 weeks
2023-11-02;CHI;Jason Dickinson;1-2 weeks
2023-11-02;DET;Vince Dunn;DTD
2023-11-02;PHI;Scott Mayfield;DTD
2023-11-02;VGK;Tyler Bertuzzi;DTD
2023-11-04;CHI;Jonathan Toews;DTD
2023-11-04;COL;Artturi Lehkonen;DTD
2023-11-04;STL;Nick Jensen;DTD
2023-11-04;TOR;Oscar Klefbom;DTD
2023-11-05;DET;Max Pacioretty;1-2 weeks
2023-11-06;DAL;Patrik Nemeth;Indefinite
2023-11-07;ARZ;Nick Schmaltz;Indefinite
2023-11-07;COL;Jani Hakanpää;2-3 weeks
2023-11-07;STL;Keegan Kolesar;2-3 months
2023-11-08;NYI;Mathew Barzal;Indefinite
2023-11-08;SJS;Scott Laughton;2-3 months
2023-11-09;FLA;Sam Reinhart;2-3 weeks
2023-11-11;MIN;Vladimir Tarasenko;DTD
2023-11-12;ANA;Cal Foote;DTD
2023-11-13;VGK;Martin Ne?as;DTD
2023-11-14;BOS;A.J. Greer;1-2 weeks
2023-11-14;BOS;Charlie McAvoy;DTD
2023-11-14;CAR;Matt Boldy;DTD
2023-11-14;CHI;Andreas Athanasiou;DTD
2023-11-14;CHI;Caleb Jones;DTD
2023-11-14;COL;Evan Rodrigues;DTD
2023-11-14;FLA;Anton Lundell;1-2 weeks
2023-11-14;PHI;Andrei Mironov;DTD
2023-11-14;PHI;Jirí Sekác;Indefinite
2023-11-14;TOR;Auston Matthews;2-3 months
2023-11-16;ANA;Cam Fowler;DTD
2023-11-16;LAK;Quinton Byfield;1-2 weeks
2023-11-16;OTT;Thomas Chabot;DTD
2023-11-18;BUF;Eric Comrie;DTD
2023-11-18;CAR;Brady Skjei;DTD
2023-11-18;MTL;Cole Caufield;2-3 weeks
2023-11-20;DAL;Joel Kiviranta;2-3 weeks
2023-11-20;EDM;Zach Hyman;DTD
2023-11-20;MIN;Kale Clague;DTD
2023-11-20;NJD;Dougie Hamilton;DTD
2023-11-21;BOS;Victor Berglund;2-3 weeks
2023-11-21;BOS;Jakub Lauko;DTD
2023-11-22;DET;Jordan Staal;DTD
2023-11-22;MIN;Mason Shaw;1-2 weeks
2023-11-23;MIN;Pius Suter;1-2 weeks
2023-11-24;CHI;Mike Reilly;DTD
2023-11-24;MIN;Marco Rossi;3-4 months
2023-11-24;MTL;Kaiden Guhle;DTD
2023-11-24;SJS;Cal Clutterbuck;2-3 weeks
2023-11-25;DET;Moritz Seider;2-3 weeks
2023-11-25;PHI;Ryan Ellis;DTD
2023-11-25;PIT;Jan Rutta;DTD
2023-11-25;WAS;Dmitry Orlov;DTD
2023-11-26;ANA;Kyle Clifford;DTD
2023-11-26;MIN;Kyle Palmieri;2-3 months
2023-11-26;NYR;Matt Benning;DTD
2023-11-27;WAS;Nicklas Bäckström;1-2 weeks
2023-11-28;CHI;Caleb Jones;DTD
2023-11-28;DET;Filip Hronek;1-2 months
2023-11-28;OTT;Logan Stanley;DTD
2023-11-28;OTT;Luke Schenn;DTD
2023-11-28;PIT;Kris Letang;DTD
2023-11-29;ANA;Barrett Hayton;2-3 weeks
2023-11-29;CGY;Andrew Mangiapane;1-2 months
2023-11-29;FLA;Matt Kiersted;2-3 weeks
2023-11-29;MTL;Mark Matheson;DTD
2023-11-29;NSH;Miles Wood;DTD
2023-11-30;ARZ;Jack McBain;DTD
2023-11-30;TBL;Anthony Cirelli;1-2 weeks
2023-12-01;MTL;Justin Barron;DTD
2023-12-02;EDM;Luke Glendening;DTD
2023-12-02;MTL;John Klingberg;2-3 weeks
2023-12-02;MTL;Jordan Harris;DTD
2023-12-02;NSH;Ryan McDonagh;Indefinite
2023-12-02;SEA;Jaden Schwartz;DTD
2023-12-02;TOR;William Nylander;1-2 weeks
2023-12-02;VGK;Shea Theodore;DTD
2023-12-04;DAL;Miro Heiskanen;1-2 weeks
2023-12-04;LAK;Jaret Anderson-Dolan;DTD
2023-12-04;OTT;Dysin Mayo;DTD
2023-12-04;SEA;Jamie Oleksiak;1-2 weeks
2023-12-04;WPG;Mark Scheifele;DTD
2023-12-04;WPG;Nikolaj Ehlers;1-2 months
2023-12-05;FLA;Michael Stone;1-2 months
2023-12-05;MTL;Arber Zhekaj;1-2 months
2023-12-05;PIT;Jeff Petry;1-2 weeks
2023-12-05;SJS;Mario Ferraro;2-3 weeks
2023-12-05;SJS;Ryan Merkley;1-2 months
2023-12-05;STL;Torey Krug;2-3 weeks
2023-12-06;ARZ;Tyler Seguin;DTD
2023-12-06;BUF;Alec Martinez;DTD
2023-12-06;NJD;Ryan Graves;DTD
2023-12-07;COL;Valeri Nichushkin;DTD
2023-12-07;TBL;Denis Malgin;DTD
2023-12-08;BOS;Taylor Hall;DTD
2023-12-08;COL;Alex Newhook;DTD
2023-12-08;LAK;Anze Kopitar;DTD
2023-12-09;FLA;Aleksander Barkov;1-2 months
2023-12-09;NYR;Mika Zibanejad;DTD
2023-12-09;PIT;Sean Monahan;DTD
2023-12-10;BUF;Tanner Pearson;DTD
2023-12-10;COL;Bowen Byram;DTD
2023-12-11;CHI;Connor Murphy;DTD
2023-12-12;BOS;Marc McLaughlin;DTD
2023-12-12;MIN;Justin Schultz;3-4 months
2023-12-12;PIT;Nathan Légaré;1-2 weeks
2023-12-12;WPG;Pierre-Luc Dubois;2-3 weeks
2023-12-13;SEA;Jaden Schwartz;1-2 weeks
2023-12-14;DAL;Mason Marchment;1-2 months
2023-12-14;NJD;Jesper Bratt;DTD
2023-12-14;VGK;Tyler Bertuzzi;2-3 weeks
2023-12-15;BUF;Tage Thompson;DTD
2023-12-16;CAR;Nikita Gusev;DTD
2023-12-16;FLA;Shayne Gostisbehere;DTD
2023-12-16;TOR;Marcus Foligno;3-4 months
2023-12-16;WAS;Jared Spurgeon;1-2 months
2023-12-17;WAS;Nicklas Bäckström;DTD
2023-12-17;WAS;Lucas Johansen;1-2 months
2023-12-18;LAK;Samuel Fagemo;Indefinite
2023-12-18;MIN;Calen Addison;2-3 weeks
2023-12-19;TBL;Jake Walman;DTD
2023-12-19;TOR;Jakob Silfverberg;DTD
2023-12-20;CGY;MacKenzie Weegar;3-4 months
2023-12-20;CHI;Alex Vlasic;DTD
2023-12-20;DAL;Jani Kiviranta;DTD
2023-12-20;NSH;John Leonard;2-3 months
2023-12-20;PHI;Ian Cole;DTD
2023-12-21;MTL;Rafaël Harvey-Pinard;DTD
2023-12-22;BUF;Jonathan Drouin;DTD
2023-12-22;CHI;Kevin Korchinski;DTD
2023-12-22;NJD;Paul Stastny;2-3 weeks
2023-12-22;PHI;Zemgus Girgensons;1-2 weeks
2023-12-22;VGK;William Karlsson;DTD
2023-12-26;CGY;Rasmus Andersson;1-2 months
2023-12-26;CGY;Axel Jonsson Fjällby;1-2 weeks
2023-12-26;CBJ;Jakub Voracek;DTD
2023-12-26;NSH;Jérémy Lauzon;DTD
2023-12-26;PIT;Sidney Crosby;1-2 weeks
2023-12-26;STL;Oliver Wahlstrom;1-2 months
2023-12-27;FLA;Calle Själin;DTD
2023-12-28;ANA;Brian Dumoulin;1-2 months
2023-12-28;NJD;John Marino;DTD
2023-12-28;PIT;Marcus Pettersson;DTD
2023-12-28;VGK;Ivan Barbashev;1-2 weeks
2023-12-29;PHI;Scott Mayfield;DTD
2023-12-29;SJS;Kevin Labanc;DTD
2023-12-29;VAN;Brock Boeser;DTD
2023-12-29;VAN;Olli Juolevi;1-2 weeks
2023-12-30;ANA;Barrett Hayton;DTD
2023-12-30;CGY;Jonathan Huberdeau;DTD
2023-12-30;EDM;Jesse Puljujärvi;DTD
2023-12-30;NJD;Jack Hughes;1-2 weeks
2023-12-31;MTL;Mike Hoffman;1-2 weeks
2023-12-31;MTL;Jordan Harris;DTD
2023-12-31;PHI;Sean Couturier;DTD
2024-01-01;MIN;Paul Cotter;1-2 weeks
2024-01-02;NYR;Mika Zibanejad;1-2 weeks
2024-01-03;ARZ;Dylan Guenther;1-2 months
2024-01-03;PHI;Matt Grzelcyk;1-2 weeks
2024-01-04;DAL;Ty Dellandrea;DTD
2024-01-04;OTT;Lassi Thomson;DTD
2024-01-04;WPG;Chaz Lucius;DTD
2024-01-05;CAR;Brent Burns;1-2 weeks
2024-01-05;MIN;Kale Clague;1-2 months
2024-01-06;LAK;Anze Kopitar;DTD
2024-01-06;PHI;Zemgus Girgensons;1-2 weeks
2024-01-06;TBL;Anthony Cirelli;3-4 months
2024-01-06;VAN;Isac Lundeström;1-2 weeks
2024-01-06;VGK;William Karlsson;2-3 weeks
2024-01-07;NYR;Adam Fox;DTD
2024-01-08;VAN;Curtis Lazar;DTD
2024-01-09;BOS;Brad Marchand;DTD
2024-01-09;FLA;Shayne Gostisbehere;DTD
2024-01-10;NJD;Luke Hughes;2-3 months
2024-01-11;CBJ;Vítek Vanecek;DTD
2024-01-11;NYR;Christian Fischer;1-2 weeks
2024-01-12;CGY;Nikita Zadorov;DTD
2024-01-13;CHI;Grigori Denisenko;DTD
2024-01-13;LAK;Quinton Byfield;1-2 months
2024-01-13;NYR;Braden Schneider;DTD
2024-01-13;TOR;Adam Larsson;1-2 weeks
2024-01-14;COL;Nathan MacKinnon;DTD
2024-01-15;CAR;Timothy Liljegren;1-2 weeks
2024-01-16;COL;Alex Newhook;1-2 months
2024-01-16;NJD;Nico Hischier;DTD
2024-01-16;OTT;Luke Schenn;DTD
2024-01-18;BUF;Rasmus Asplund;Indefinite
2024-01-18;CHI;Max Domi;DTD
2024-01-18;CHI;Jake McCabe;2-3 weeks
2024-01-18;MIN;Sebastian Aho;DTD
2024-01-18;NSH;Yakov Trenin;DTD
2024-01-18;WAS;Tyler Madden;1-2 weeks
2024-01-18;WAS;Evgeny Kuznetsov;1-2 weeks
2024-01-20;CGY;Mikael Backlund;DTD
2024-01-20;COL;Chander Stephenson;DTD
2024-01-20;NYR;Jacob Trouba;2-3 months
2024-01-21;BUF;T.J. Oshie;1-2 weeks
2024-01-21;FLA;Sam Bennett;1-2 weeks
2024-01-21;NJD;Nick Leddy;DTD
2024-01-22;CHI;Andreas Athanasiou;DTD
2024-01-23;BUF;Alex Tuch;DTD
2024-01-23;COL;Valeri Nichushkin;DTD
2024-01-23;DAL;Ryan Suter;DTD
2024-01-23;FLA;Justin Holl;DTD
2024-01-23;FLA;Nick Ritchie;DTD
2024-01-23;LAK;Jaret Anderson-Dolan;DTD
2024-01-23;NSH;Roman Josi;DTD
2024-01-23;SJS;Kevin Labanc;1-2 months
2024-01-23;SEA;Jaden Schwartz;DTD
2024-01-24;SJS;Erik Karlsson;DTD
2024-01-25;OTT;Victor Söderström;DTD
2024-01-26;DET;Andrew Copp;1-2 weeks
2024-01-26;EDM;Mark Borowiecki;DTD
2024-01-27;COL;Nathan MacKinnon;DTD
2024-01-27;DAL;Dominik Bokk;1-2 weeks
2024-01-28;CAR;Tomás Nosek;2-3 weeks
2024-01-28;TBL;Victor Hedman;DTD
2024-01-29;DAL;Ryan Pulock;DTD
2024-01-31;SEA;Gustav Lindström;DTD
2024-02-05;CBJ;Nick Paul;1-2 weeks
2024-02-05;CBJ;Yegor Chinakhov;2-3 months
2024-02-06;SJS;Tristen Robins;DTD
2024-02-08;PHI;Ryan Hartman;DTD
2024-02-08;PHI;Travis Konecny;DTD
2024-02-09;CBJ;Boone Jenner;DTD
2024-02-09;SJS;William Eklund;1-2 weeks
2024-02-10;CHI;Seth Jones;DTD
2024-02-11;CGY;Nikita Zadorov;DTD
2024-02-12;DET;Vince Dunn;DTD
2024-02-13;ANA;Pavel Buchnevich;DTD
2024-02-13;CHI;Philipp Kurashev;DTD
2024-02-13;NYI;Timo Meier;DTD
2024-02-13;PIT;Kris Letang;DTD
2024-02-13;VAN;Curtis Lazar;DTD
2024-02-14;TBL;Brandon Hagel;1-2 months
2024-02-15;OTT;Jordan Kyrou;1-2 weeks
2024-02-15;VAN;Ilya Mikheyev;1-2 months
2024-02-16;STL;Arthur Kaliyev;DTD
2024-02-17;CBJ;Jakub Voracek;DTD
2024-02-17;WPG;Pierre-Luc Dubois;DTD
2024-02-17;WPG;Josh Morrissey;2-3 weeks
2024-02-18;CGY;Mikael Backlund;DTD
2024-02-18;NYR;Filip Chytil;2-3 weeks
2024-02-18;PHI;Travis Konecny;1-2 weeks
2024-02-19;SJS;Dmitry Kulikov;2-3 weeks
2024-02-20;TOR;Jakob Silfverberg;3-4 months
2024-02-21;CGY;Dominik Egli;DTD
2024-02-21;COL;Nathan MacKinnon;1-2 months
2024-02-22;MTL;Michael Pezzetta;DTD
2024-02-22;VGK;Tyler Bertuzzi;DTD
2024-02-23;MTL;Kaiden Guhle;1-2 months
2024-02-24;BUF;Tyler Myers;DTD
2024-02-24;CGY;Jakob Pelletier;1-2 months
2024-02-24;PHI;Kevin Hayes;1-2 months
2024-02-24;WAS;John Carlson;DTD
2024-02-25;NYI;Brock Nelson;DTD
2024-02-25;TOR;Mathieu Joseph;1-2 months
2024-02-27;PIT;Kasperi Kapanen;1-2 months
2024-02-27;VAN;Brock Boeser;DTD
2024-02-28;MTL;Christian Dvorak;1-2 months
2024-02-29;SEA;Riley Stillman;DTD
2024-02-29;TBL;Erik Cernák;DTD
2024-02-29;TBL;Benoît-Olivier Groulx;Indefinite
2024-03-01;BUF;Rasmus Dahlin;DTD
2024-03-01;OTT;Lassi Thomson;1-2 weeks
2024-03-01;SJS;Tristen Robins;Indefinite
2024-03-02;ARZ;Nikita Zadorov;DTD
2024-03-02;BOS;Victor Berglund;DTD
2024-03-02;BUF;Tanner Pearson;DTD
2024-03-02;CGY;Noah Hanifin;2-3 months
2024-03-02;CGY;Nazem Kadri;DTD
2024-03-02;DET;Juuso Välimäki;DTD
2024-03-02;FLA;Shayne Gostisbehere;DTD
2024-03-02;MTL;Jordan Harris;DTD
2024-03-02;VGK;Jack Eichel;DTD
2024-03-05;BOS;Oskar Steen;1-2 weeks
2024-03-05;DAL;Jason Robertson;DTD
2024-03-05;TOR;Auston Matthews;DTD
2024-03-06;ARZ;Oliver Kylington;1-2 months
2024-03-06;FLA;Aaron Ekblad;DTD
2024-03-06;NSH;Ryan Johansen;2-3 weeks
2024-03-07;MIN;Joseph Cramarossa;DTD
2024-03-07;MIN;Jesper Wallstedt;DTD
2024-03-07;STL;Tim Stützle;3-4 months
2024-03-08;CAR;Ryan Suzuki;1-2 weeks
2024-03-08;DET;David Perron;1-2 weeks
2024-03-09;BOS;Mason Lohrei;DTD
2024-03-09;CAR;Brett Pesce;DTD
2024-03-09;PHI;Ian Cole;1-2 weeks
2024-03-09;PIT;Evgeni Malkin;DTD
2024-03-10;MTL;William Trudeau;DTD
2024-03-11;STL;Brandon Saad;DTD
2024-03-12;MIN;Kirill Kaprizov;1-2 weeks
2024-03-12;NJD;Jonas Siegenthaler;DTD
2024-03-12;VGK;Nicolas Hague;DTD
2024-03-12;VGK;Reilly Smith;DTD
2024-03-12;WAS;Tyler Madden;DTD
2024-03-14;COL;Jani Hakanpää;1-2 months
2024-03-14;TOR;Mark Giordano;2-3 weeks
2024-03-14;TOR;Mats Zuccarello;DTD
2024-03-15;CBJ;Vladislav Gavrikov;DTD
2024-03-15;DAL;Mavrik Bourque;DTD
2024-03-16;CBJ;Nick Paul;DTD
2024-03-16;TBL;Victor Hedman;DTD
2024-03-16;TOR;T.J. Brodie;1-2 weeks
2024-03-18;ANA;Jonah Gadjovich;DTD
2024-03-18;NSH;Yakov Trenin;1-2 weeks
2024-03-19;LAK;Mikey Anderson;2-3 weeks
2024-03-19;LAK;Jeff Carter;1-2 weeks
2024-03-19;MTL;Brendan Gallagher;DTD
2024-03-19;TBL;Jacob Perreault;1-2 weeks
2024-03-21;CHI;Kevin Korchinski;1-2 weeks
2024-03-21;MTL;Jayden Struble;DTD
2024-03-21;OTT;Parker Kelly;DTD
2024-03-21;STL;Alexander Romanov;Indefinite
2024-03-21;TBL;Alexander Alexeyev;1-2 months
2024-03-22;BOS;Pavel Zacha;DTD
2024-03-24;DAL;Esa Lindell;DTD
2024-03-24;SEA;Oliver Bjorkstrand;1-2 weeks
2024-03-25;PHI;Lars Eller;3-4 months
2024-03-25;VAN;Ethan Bear;Indefinite
2024-03-26;ANA;Mason McTavish;DTD
2024-03-26;DAL;Ben Gleason;1-2 weeks
2024-03-26;NSH;Mikael Granlund;DTD
2024-03-26;OTT;Alexei Toropchenko;DTD
2024-03-26;VGK;Martin Necas;DTD
2024-03-26;WAS;Samuel Bolduc;DTD
2024-03-26;WPG;Pierre-Luc Dubois;1-2 months
2024-03-30;CHI;Craig Smith;DTD
2024-03-30;TOR;Rasmus Sandin;2-3 weeks
2024-04-01;CGY;Sergei Shmelyov;DTD
2024-04-02;BOS;Taylor Hall;DTD
2024-04-02;BOS;Pavel Zacha;1-2 weeks
2024-04-02;DET;Jakub Vrana;1-2 weeks
2024-04-03;CBJ;Zach Werenski;1-2 weeks
2024-04-03;CBJ;Cole Sillinger;Indefinite
2024-04-04;ANA;Barrett Hayton;DTD
2024-04-04;BOS;Hampus Lindholm;1-2 months
2024-04-04;BUF;Tage Thompson;DTD
2024-04-04;CHI;Caleb Jones;1-2 weeks
2024-04-04;CBJ;Sean Kuraly;1-2 weeks
2024-04-04;LAK;Gabriel Carlsson;1-2 weeks
2024-04-04;MTL;Joel Edmundson;2-3 weeks
2024-04-04;NYI;Paul Ladue;DTD
2024-04-04;NYR;Chris Kreider;1-2 weeks
2024-04-04;STL;Torey Krug;1-2 weeks
2024-04-04;WPG;Adam Lowry;DTD
2024-04-06;CHI;Max Domi;DTD
2024-04-06;DET;Max Pacioretty;DTD
2024-04-06;NSH;Mattias Ekholm;2-3 weeks
2024-04-06;TOR;Adam Larsson;DTD
2024-04-08;EDM;Zach Hyman;DTD
2024-04-09;NYR;Mika Zibanejad;2-3 weeks
2024-04-09;NYR;Ryan Lindgren;1-2 months
2024-04-09;SJS;Filip Bystedt;DTD
2024-04-09;SJS;Marc-Edouard Vlasic;1-2 weeks
2024-04-10;ANA;Keegan Kolesar;DTD
2024-04-10;EDM;Leon Draisaitl;DTD
2024-04-10;OTT;Brady Tkachuk;DTD
2024-04-11;ANA;Pavel Buchnevich;1-2 weeks
2024-04-11;ARZ;Nicolas Roy;1-2 weeks
2024-04-11;BOS;Dillon Dubé;1-2 weeks
2024-04-11;CBJ;Justin Danforth;1-2 weeks
2024-04-11;MIN;Seth Jarvis;1-2 weeks
2024-04-11;NYR;Brett Berard;DTD
2024-04-11;SJS;William Eklund;DTD
2024-09-20;BUF;Kevin Shattenkirk;2-3 months
2024-09-20;COL;Wade Allison;DTD
2024-09-20;NSH;Mike Amadio;2-3 weeks
2024-09-20;NYI;James van Riemsdyk;1-2 weeks
2024-09-20;NYI;Noah Dobson;DTD
2024-09-20;PHI;Travis Sanheim;DTD
2024-09-20;TOR;Rasmus Sandin;DTD
2024-09-20;WAS;Dylan Strome;DTD
2024-09-20;WPG;Pierre-Luc Dubois;DTD
2024-09-22;CGY;Noah Hanifin;1-2 weeks
2024-09-22;COL;Josh Manson;DTD
2024-09-22;COL;Austin Watson;1-2 weeks
2024-09-22;FLA;Calle Själin;1-2 weeks
2024-09-22;PHI;Calle Järnkrok;DTD
2024-09-22;SJS;Nikolai Knyzhov;1-2 weeks
2024-09-22;STL;Brady Lyle;DTD
2024-09-23;ANA;Mads Søgaard;DTD
2024-09-23;ANA;Cal Foote;1-2 months
2024-09-23;BOS;Evan Barratt;1-2 months
2024-09-23;EDM;Evan Bouchard;2-3 weeks
2024-09-23;EDM;Connor McDavid;DTD
2024-09-23;STL;Robert Thomas;1-2 weeks
2024-09-25;COL;Bowen Byram;2-3 weeks
2024-09-25;EDM;Mikael Backlund;DTD
2024-09-25;LAK;Mikey Anderson;DTD
2024-09-25;NYI;Alex Barré-Boulet;2-3 weeks
2024-09-26;COL;David Rundblad;DTD
2024-09-26;LAK;Alex Iafallo;1-2 weeks
2024-09-26;LAK;Gabe Vilardi;DTD
2024-09-26;OTT;Dysin Mayo;2-3 weeks
2024-09-26;TOR;Nolan Patrick;1-2 months
2024-09-28;BOS;Brandon Carlo;2-3 weeks
2024-09-28;BUF;Matthew Savoie;DTD
2024-09-28;COL;Devon Toews;DTD
2024-09-28;PIT;Kris Letang;DTD
2024-09-28;TOR;Topi Niemelä;Indefinite
2024-09-29;CHI;Colton Dach;DTD
2024-09-29;CBJ;Jesse Nurmi;1-2 weeks
2024-09-29;NJD;Tony DeAngelo;DTD
2024-09-29;SJS;Logan Couture;2-3 months
2024-09-29;VGK;Tyler Bertuzzi;DTD
2024-10-04;CBJ;Kent Johnson;1-2 weeks
2024-10-04;FLA;Shayne Gostisbehere;DTD
2024-10-05;ANA;Troy Terry;DTD
2024-10-05;DET;Marco Kasper;DTD
2024-10-08;SEA;Ty Smith;DTD
2024-10-08;SEA;Yanni Gourde;1-2 weeks
2024-10-08;SEA;Conor Timmins;1-2 months
2024-10-09;CGY;Calvin de Haan;1-2 weeks
2024-10-10;BOS;Victor Berglund;DTD
2024-10-10;NSH;Roman Josi;DTD
2024-10-10;VGK;William Karlsson;DTD
2024-10-11;BUF;Andrew Peeke;DTD
2024-10-11;DET;Vince Dunn;DTD
2024-10-12;ANA;Ivan Barbashev;1-2 weeks
2024-10-12;BUF;Oskari Laaksonen;DTD
2024-10-12;CAR;Patrik Hamrla;1-2 weeks
2024-10-12;MTL;Jake Evans;DTD
2024-10-12;VGK;Matt Roy;2-3 weeks
2024-10-12;VGK;Reilly Smith;2-3 weeks
2024-10-14;EDM;Evander Kane;2-3 months
2024-10-14;OTT;Frédérick Gaudreau;1-2 weeks
2024-10-15;CGY;Connor Zary;1-2 months
2024-10-17;ARZ;Matias Maccelli;DTD
2024-10-17;NJD;Yegor Sharangovich;DTD
2024-10-17;NJD;Alexander Holtz;2-3 weeks
2024-10-17;ARZ;Victor Söderström;Indefinite
2024-10-18;TBL;Ross Colton;DTD
2024-10-19;BUF;Casey Mittelstadt;2-3 weeks
2024-10-19;EDM;Darnell Nurse;DTD
2024-10-19;WAS;Lucas Johansen;DTD
2024-10-19;WAS;Jared Spurgeon;DTD
2024-10-20;TBL;Brayden Point;DTD
2024-10-21;COL;Cale Makar;DTD
2024-10-21;NYI;Noah Dobson;DTD
2024-10-21;TOR;Matthew Knies;DTD
2024-10-22;BOS;Jakub Lauko;DTD
2024-10-22;BOS;Jakub Zboril;DTD
2024-10-22;NYR;Alex Killorn;DTD
2024-10-23;LAK;Adrian Kempe;DTD
2024-10-24;ANA;Brian Dumoulin;1-2 weeks
2024-10-24;ANA;Barrett Hayton;1-2 months
2024-10-24;BUF;Zach Whitecloud;DTD
2024-10-24;NJD;Nico Hischier;DTD
2024-10-24;TOR;Mathieu Joseph;DTD
2024-10-24;WAS;Jani Hakanpää;2-3 months
2024-10-24;WPG;Nikolaj Ehlers;DTD
2024-10-25;BUF;Rasmus Dahlin;1-2 weeks
2024-10-26;ARZ;Nick Schmaltz;DTD
2024-10-26;BOS;Victor Berglund;1-2 months
2024-10-26;EDM;Ryan McLeod;1-2 weeks
2024-10-26;LAK;Mikey Anderson;DTD
2024-10-26;NYR;Ty Dellandrea;DTD
2024-10-26;PIT;Kris Letang;1-2 weeks
2024-10-26;TBL;Mikhail Sergachev;1-2 weeks
2024-10-26;WAS;Samuel Bolduc;DTD
2024-10-28;NSH;Yegor Afanasyev;DTD
2024-10-28;PHI;Radko Gudas;DTD
2024-10-29;NYR;Jordan Eberle;DTD
2024-10-29;TOR;Erik Karlsson;DTD
2024-10-30;NYR;Vincent Trocheck;1-2 weeks
2024-10-31;FLA;Lucas Carlsson;1-2 weeks
2024-10-31;FLA;Max Jones;3-4 months
2024-10-31;TBL;Jake Walman;DTD
2024-10-31;VAN;Elias Pettersson;1-2 months
2024-10-31;VAN;Warren Foegele;2-3 weeks
2024-11-01;OTT;Drake Batherson;DTD
2024-11-02;ARZ;Chandler Stephenson;1-2 weeks
2024-11-02;CGY;Sergei Shmelyov;1-2 weeks
2024-11-02;NSH;Roman Josi;DTD
2024-11-02;TBL;Parker Kelly;Indefinite
2024-11-03;PIT;Jeff Petry;DTD
2024-11-04;LAK;Phillip Danault;DTD
2024-11-04;NJD;Dougie Hamilton;DTD
2024-11-04;VAN;Vasili Podkolzin;DTD
2024-11-04;VAN;Nikita Zadorov;Indefinite
2024-11-05;DET;Viktor Arvidsson;2-3 weeks
2024-11-05;WAS;Dylan Strome;3-4 months
2024-11-06;CGY;Rasmus Andersson;2-3 weeks
2024-11-06;SJS;Jakub Vrana;DTD
2024-11-06;SJS;Tomás Hertl;1-2 weeks
2024-11-07;CGY;Dan Vladar;DTD
2024-11-07;NSH;Alexander Campbell;3-4 months
2024-11-07;NSH;Mikael Granlund;DTD
2024-11-08;ANA;Ivan Barbashev;DTD
2024-11-09;CAR;Andrei Svechnikov;2-3 weeks
2024-11-09;CHI;Kevin Korchinski;DTD
2024-11-09;CHI;Seth Jones;DTD
2024-11-09;WPG;Chaz Lucius;1-2 months
2024-11-10;DAL;Mason Marchment;DTD
2024-11-10;MIN;Pius Suter;DTD
2024-11-12;CHI;Alex Vlasic;DTD
2024-11-13;LAK;Jaret Anderson-Dolan;1-2 weeks
2024-11-14;BUF;Jack Quinn;1-2 weeks
2024-11-14;COL;Cale Makar;DTD
2024-11-14;CBJ;Denton Mateychuk;DTD
2024-11-14;MIN;Brady Skjei;DTD
2024-11-14;NYR;Justin Schultz;DTD
2024-11-14;WAS;Alex Ovechkin;DTD
2024-11-15;CGY;Gustav Nyquist;DTD
2024-11-16;CBJ;Adam Boqvist;DTD
2024-11-16;FLA;Matthew Tkachuk;DTD
2024-11-16;NYI;Anthony Mantha;DTD
2024-11-18;COL;Nathan MacKinnon;DTD
2024-11-20;CBJ;Zach Werenski;2-3 weeks
2024-11-20;LAK;Anze Kopitar;DTD
2024-11-20;MIN;Calen Addison;DTD
2024-11-20;NJD;Dougie Hamilton;DTD
2024-11-20;PHI;Josh Brown;1-2 weeks
2024-11-20;PIT;John Beecher;DTD
2024-11-20;VGK;Martin Necas;1-2 weeks
2024-11-22;CAR;Anthony Duclair;DTD
2024-11-22;FLA;Aleksi Heponiemi;DTD
2024-11-22;MTL;David Savard;1-2 months
2024-11-22;NSH;Miles Wood;DTD
2024-11-22;TBL;Shea Theodore;2-3 weeks
2024-11-22;WPG;Nate Schmidt;3-4 months
2024-11-23;CGY;Colin Miller;DTD
2024-11-23;CAR;Jaccob Slavin;DTD
2024-11-23;MIN;Adam Beckman;1-2 months
2024-11-23;OTT;Brady Tkachuk;1-2 weeks
2024-11-23;OTT;Alexei Toropchenko;DTD
2024-11-23;STL;K'Andre Miller;2-3 weeks
2024-11-24;ANA;Colton White;DTD
2024-11-24;ANA;Sam Colangelo;1-2 weeks
2024-11-24;DAL;Roope Hintz;DTD
2024-11-24;NSH;Filip Forsberg;DTD
2024-11-24;SJS;Steven Lorentz;DTD
2024-11-24;VGK;Jordan Oesterle;DTD
2024-11-25;MTL;Juraj Slafkovský;2-3 weeks
2024-11-25;PIT;Brandon Coe;DTD
2024-11-25;SEA;Yanni Gourde;Indefinite
2024-11-27;MTL;Cole Caufield;DTD
2024-11-27;MTL;Jordan Harris;1-2 weeks
2024-11-28;CGY;MacKenzie Weegar;DTD
2024-11-28;CBJ;Jordan Dumais;2-3 weeks
2024-11-28;LAK;Alex Turcotte;DTD
2024-11-28;NSH;Yegor Afanasyev;2-3 weeks
2024-11-28;SEA;Kole Lind;DTD
2024-11-29;NJD;Dawson Mercer;DTD
2024-12-01;NJD;Jesper Bratt;1-2 weeks
2024-12-02;BUF;Matthew Savoie;2-3 weeks
2024-12-02;CGY;Rasmus Andersson;1-2 months
2024-12-02;PHI;Travis Sanheim;1-2 months
2024-12-03;SJS;Joel Edmundson;1-2 months
2024-12-03;SJS;Filip Bystedt;DTD
2024-12-03;TOR;Morgan Rielly;2-3 weeks
2024-12-04;PHI;Kevin Hayes;1-2 weeks
2024-12-05;ARZ;Jake Sanderson;2-3 weeks
2024-12-05;COL;Cale Makar;DTD
2024-12-05;TBL;Oscar Klefbom;2-3 months
2024-12-05;TOR;Vitali Abramov;1-2 weeks
2024-12-06;MTL;Kaiden Guhle;DTD
2024-12-06;NYR;Owen Tippett;DTD
2024-12-06;PIT;John Beecher;DTD
2024-12-07;OTT;Claude Giroux;DTD
2024-12-08;EDM;Leon Draisaitl;DTD
2024-12-08;NSH;Miles Wood;1-2 weeks
2024-12-08;STL;Jesper Fast;Indefinite
2024-12-09;CGY;Nazem Kadri;DTD
2024-12-09;TOR;Jonas Siegenthaler;DTD
2024-12-09;VAN;Elias Pettersson;DTD
2024-12-10;CGY;Dan Vladar;1-2 months
2024-12-10;CAR;Anthony Duclair;Indefinite
2024-12-10;PHI;Joel Farabee;DTD
2024-12-10;WAS;Alexander Suzdalev;DTD
2024-12-12;ARZ;Clayton Keller;DTD
2024-12-12;EDM;Ryan Murray;1-2 weeks
2024-12-12;EDM;Stuart Skinner;Indefinite
2024-12-12;LAK;Alex Iafallo;1-2 months
2024-12-12;MIN;Daemon Hunt;1-2 weeks
2024-12-12;OTT;Drake Batherson;2-3 weeks
2024-12-13;PIT;Kris Letang;DTD
2024-12-14;CHI;Connor Murphy;DTD
2024-12-14;CBJ;Jack Roslovic;DTD
2024-12-14;NYI;Brock Nelson;2-3 weeks
2024-12-14;STL;Niko Mikkola;Indefinite
2024-12-14;TBL;Nikita Kucherov;DTD
2024-12-15;CHI;Seth Jones;DTD
2024-12-15;CBJ;Boone Jenner;1-2 months
2024-12-15;NJD;Nathan Bastian;1-2 weeks
2024-12-16;BOS;Brad Marchand;1-2 months
2024-12-16;NJD;Ryan Graves;DTD
2024-12-17;NYR;Jordan Eberle;1-2 weeks
2024-12-18;NYI;Anthony Mantha;DTD
2024-12-19;FLA;Matthew Tkachuk;1-2 weeks
2024-12-19;NJD;Yegor Sharangovich;1-2 weeks
2024-12-19;NJD;Dougie Hamilton;DTD
2024-12-19;NYR;Ryan Lindgren;DTD
2024-12-20;FLA;Justin Holl;DTD
2024-12-24;CHI;Alexander Alexeyev;DTD
2024-12-24;COL;Sean Behrens;Indefinite
2024-12-24;PIT;Connor Clifton;1-2 weeks
2024-12-25;VAN;Andrei Kuzmenko;2-3 weeks
2024-12-25;VAN;Nicolas Meloche;DTD
2024-12-26;MIN;Mads Søgaard;DTD
2024-12-26;NSH;Carson Soucy;DTD
2024-12-26;NJD;Nick Leddy;DTD
2024-12-26;WAS;Zachary Bolduc;DTD
2024-12-27;NYR;Zac Jones;2-3 weeks
2024-12-28;BUF;Jack Quinn;2-3 weeks
2024-12-28;CHI;Reese Johnson;DTD
2024-12-28;COL;Valeri Nichushkin;DTD
2024-12-28;COL;Nathan MacKinnon;DTD
2024-12-29;ANA;Ivan Barbashev;DTD
2024-12-30;SEA;André Burakovsky;DTD
2024-12-30;STL;Mark Pysyk;DTD
2024-12-31;BUF;Andrew Peeke;Indefinite
2025-01-01;SJS;William Eklund;1-2 weeks
2025-01-02;COL;Rasmus Ristolainen;1-2 weeks
2025-01-02;VGK;Quinn Olson;DTD
2025-01-03;BOS;Charlie McAvoy;DTD
2025-01-04;COL;Gabriel Landeskog;DTD
2025-01-04;EDM;Mikael Backlund;DTD
2025-01-04;OTT;Dysin Mayo;1-2 weeks
2025-01-04;PIT;Nathan Légaré;Indefinite
2025-01-04;STL;Tim Stützle;DTD
2025-01-05;BOS;David Pastrnak;DTD
2025-01-05;SJS;Nikolai Knyzhov;DTD
2025-01-05;WPG;Pierre-Luc Dubois;DTD
2025-01-07;COL;Jean-Luc Foudy;DTD
2025-01-08;ARZ;Janis Moser;DTD
2025-01-08;SEA;Matty Beniers;DTD
2025-01-09;MTL;Josh Anderson;DTD
2025-01-11;BUF;Matthew Savoie;DTD
2025-01-11;CHI;Charlie Coyle;1-2 weeks
2025-01-11;NSH;Matt Duchene;2-3 months
2025-01-11;OTT;Jordan Kyrou;DTD
2025-01-11;VAN;Jacob Bernard-Docker;1-2 weeks
2025-01-13;STL;Brady Lyle;2-3 months
2025-01-13;TBL;Benoît-Olivier Groulx;DTD
2025-01-13;TOR;Mitch Marner;DTD
2025-01-14;BUF;Oskari Laaksonen;DTD
2025-01-14;CHI;Alex Vlasic;DTD
2025-01-14;OTT;Dylan Gambrell;1-2 months
2025-01-14;SJS;Filip Bystedt;1-2 weeks
2025-01-15;NJD;Jesper Boqvist;DTD
2025-01-16;LAK;Anže Kopitar;DTD
2025-01-16;PIT;Pierre-Olivier Joseph;DTD
2025-01-18;CHI;Jonathan Toews;DTD
2025-01-18;NJD;Jesper Bratt;1-2 weeks
2025-01-18;SEA;Alexandre Carrier;Indefinite
2025-01-19;CHI;Michal Teplý;2-3 weeks
2025-01-20;MTL;Jordan Harris;DTD
2025-01-21;ARZ;Jan Jeník;1-2 months
2025-01-21;DAL;Radek Faksa;1-2 weeks
2025-01-21;FLA;Josh Mahura;DTD
2025-01-21;SEA;Ty Smith;2-3 weeks
2025-01-22;TOR;Auston Matthews;Indefinite
2025-01-23;BUF;Anthony Beauvillier;DTD
2025-01-23;WAS;Lucas Johansen;2-3 weeks
2025-01-24;EDM;Darnell Nurse;DTD
2025-01-24;EDM;Ryan Nugent-Hopkins;DTD
2025-01-24;PIT;Matt Dumba;DTD
2025-01-24;TBL;Steven Stamkos;DTD
2025-01-24;VAN;Brock Boeser;1-2 weeks
2025-01-25;CHI;Ian Mitchell;DTD
2025-01-25;EDM;Markus Niemeläinen;1-2 weeks
2025-01-25;FLA;Serron Noel;Indefinite
2025-01-25;MTL;Sidney Crosby;DTD
2025-01-25;NSH;Carson Soucy;3-4 months
2025-01-25;WAS;Evgeny Kuznetsov;DTD
2025-01-26;PHI;Travis Sanheim;1-2 weeks
2025-01-28;CGY;Joel Kiviranta;DTD
2025-01-28;EDM;Max Gildon;DTD
2025-01-29;OTT;Drake Batherson;2-3 weeks
2025-01-29;OTT;Jordan Kyrou;DTD
2025-02-03;NSH;Ryan McDonagh;DTD
2025-02-04;ANA;Trevor Zegras;DTD
2025-02-04;SEA;Shane Wright;DTD
2025-02-06;LAK;Adrian Kempe;2-3 weeks
2025-02-06;NJD;Dougie Hamilton;2-3 weeks
2025-02-06;VAN;Elias Pettersson;DTD
2025-02-07;PIT;Kris Letang;DTD
2025-02-08;CGY;Andrew Mangiapane;1-2 weeks
2025-02-08;COL;Devon Toews;DTD
2025-02-08;STL;Travis Boyd;DTD
2025-02-08;TBL;Brandon Hagel;DTD
2025-02-10;EDM;Raphaël Lavoie;DTD
2025-02-10;MTL;Mike Matheson;DTD
2025-02-10;NYR;Jordan Eberle;DTD
2025-02-11;DET;Marco Kasper;DTD
2025-02-11;NSH;Trevor van Riemsdyk;DTD
2025-02-11;NYR;Zac Jones;DTD
2025-02-12;CGY;Jon Marchessault;DTD
2025-02-12;DAL;Roope Hintz;DTD
2025-02-12;OTT;Logan Stanley;DTD
2025-02-13;CBJ;Yegor Chinakhov;1-2 weeks
2025-02-13;VGK;Matt Roy;DTD
2025-02-14;DAL;Thomas Harley;DTD
2025-02-14;EDM;Connor McDavid;DTD
2025-02-14;NJD;Rasmus Kupari;3-4 months
2025-02-14;PIT;Ryan Poehling;DTD
2025-02-15;BOS;Jakub Zboril;1-2 months
2025-02-15;CAR;Robert Hägg;DTD
2025-02-15;DET;Max Pacioretty;DTD
2025-02-15;MIN;Noel Gunler;DTD
2025-02-15;NYI;Timo Meier;DTD
2025-02-15;OTT;Josh Norris;DTD
2025-02-16;TOR;Jonas Siegenthaler;DTD
2025-02-17;ANA;Pavel Mintyukov;1-2 weeks
2025-02-17;PIT;Rikard Rakell;2-3 weeks
2025-02-18;PIT;Kris Letang;DTD
2025-02-18;TBL;Nikita Kucherov;DTD
2025-02-19;CHI;Jake DeBrusk;DTD
2025-02-19;MIN;Jake Guentzel;1-2 months
2025-02-19;WPG;Pierre-Luc Dubois;DTD
2025-02-21;BUF;Tage Thompson;DTD
2025-02-22;BUF;Jack Quinn;Indefinite
2025-02-22;CBJ;Adam Boqvist;1-2 months
2025-02-22;VAN;Elias Pettersson;1-2 weeks
2025-02-23;CAR;Andrei Svechnikov;DTD
2025-02-23;PIT;David Savard;1-2 months
2025-02-23;VGK;Martin Necas;2-3 weeks
2025-02-24;FLA;Shayne Gostisbehere;DTD
2025-02-24;FLA;Aaron Ekblad;1-2 months
2025-02-25;ANA;Pavel Buchnevich;1-2 weeks
2025-02-25;BOS;Jack Drury;DTD
2025-02-25;CHI;Philipp Kurashev;DTD
2025-02-25;DAL;Dominik Bokk;DTD
2025-02-25;DET;Reilly Smith;1-2 weeks
2025-02-26;BUF;Casey Mittelstadt;DTD
2025-02-26;PIT;Tag Bertuzzi;1-2 weeks
2025-02-28;CHI;Alexander Alexeyev;2-3 weeks
2025-02-28;CBJ;Patrik Laine;DTD
2025-02-28;PIT;Joel Armia;DTD
2025-02-28;SJS;Scott Laughton;DTD
2025-02-28;SEA;Ty Smith;DTD
2025-02-28;SEA;Erik Cernák;1-2 months
2025-02-28;VGK;Alex Pietrangelo;1-2 months
2025-02-28;VGK;Jacob Trouba;DTD
2025-03-01;ARZ;Janis Moser;DTD
2025-03-01;BOS;Pavel Zacha;Indefinite
2025-03-01;CHI;Charlie Coyle;1-2 months
2025-03-01;NYR;Igor Shesterkin;2-3 months
2025-03-01;TBL;Shea Theodore;1-2 weeks
2025-03-01;WPG;Neal Pionk;DTD
2025-03-01;WPG;Markus Nutivaara;1-2 weeks
2025-03-02;NSH;Ryan Johansen;Indefinite
2025-03-02;NYI;Noah Dobson;1-2 months
2025-03-03;ANA;Chris Kreider;1-2 weeks
2025-03-03;PHI;Radko Gudas;DTD
2025-03-03;TOR;Mitch Marner;DTD
2025-03-04;ANA;Ryan Strome;DTD
2025-03-04;CAR;J.T. Miller;1-2 months
2025-03-04;DAL;Thomas Harley;DTD
2025-03-04;MTL;Kirby Dach;DTD
2025-03-04;NJD;Alexander Holtz;DTD
2025-03-04;NJD;Nico Hischier;DTD
2025-03-04;STL;Alexei Protas;1-2 weeks
2025-03-06;NSH;Roman Josi;1-2 weeks
2025-03-06;PHI;Joel Farabee;DTD
2025-03-07;ANA;Pavel Buchnevich;1-2 weeks
2025-03-08;CGY;Colin Miller;DTD
2025-03-08;TBL;Brandon Hagel;DTD
2025-03-09;FLA;Justin Sourdif;DTD
2025-03-09;NYI;Vladislav Namestnikov;2-3 weeks
2025-03-09;PIT;Isaac Belliveau;DTD
2025-03-11;ARZ;Logan Cooley;DTD
2025-03-11;CAR;Kale Clague;2-3 weeks
2025-03-11;TOR;Mitch Marner;1-2 weeks
2025-03-11;VAN;Bo Horvat;DTD
2025-03-13;BOS;Charlie McAvoy;DTD
2025-03-13;CHI;Alex Vlasic;2-3 months
2025-03-13;SEA;Scott Mayfield;DTD
2025-03-13;TOR;Erik Karlsson;DTD
2025-03-13;VAN;Ilya Mikheyev;1-2 months
2025-03-15;ARZ;Cam Dineen;DTD
2025-03-15;EDM;Jesse Puljujärvi;1-2 weeks
2025-03-15;TBL;Oscar Klefbom;DTD
2025-03-15;VAN;Brock Boeser;DTD
2025-03-15;VGK;Drake Batherson;DTD
2025-03-16;FLA;Eetu Luostarinen;Indefinite
2025-03-16;SJS;Marc-Edouard Vlasic;DTD
2025-03-17;BOS;Seamus Casey;1-2 months
2025-03-17;BOS;Emil Andrae;1-2 weeks
2025-03-17;STL;Tim Stützle;1-2 months
2025-03-18;ARZ;Lawson Crouse;1-2 weeks
2025-03-18;MTL;Mike Matheson;DTD
2025-03-18;TOR;Nolan Patrick;DTD
2025-03-19;LAK;Drew Doughty;2-3 months
2025-03-19;NSH;Eric Robinson;DTD
2025-03-20;PIT;Pierre-Olivier Joseph;DTD
2025-03-22;BOS;Evan Rodrigues;DTD
2025-03-22;CGY;Ryan Ellis;DTD
2025-03-22;CAR;Nikita Guslistov;1-2 weeks
2025-03-22;CAR;Patrik Puistola;DTD
2025-03-22;CAR;Evgeny Svechnikov;DTD
2025-03-22;MIN;Paul Cotter;2-3 weeks
2025-03-22;NYI;Dennis Cholowski;1-2 weeks
2025-03-22;NYR;Ryan Lindgren;DTD
2025-03-22;PHI;Ivan Provorov;3-4 months
2025-03-22;PHI;Carter Hart;Indefinite
2025-03-22;SEA;Kevin Shattenkirk;DTD
2025-03-22;VGK;Théo Rochette;DTD
2025-03-23;CBJ;Jake Christiansen;Indefinite
2025-03-23;FLA;Lucas Carlsson;DTD
2025-03-24;MTL;Brendan Gallagher;1-2 weeks
2025-03-25;DET;Viktor Arvidsson;2-3 months
2025-03-25;EDM;Leon Draisaitl;DTD
2025-03-25;LAK;Trevor Moore;DTD
2025-03-25;VAN;Elias Pettersson;1-2 months
2025-03-27;NYR;Jalen Luypen;DTD
2025-03-27;PHI;Kevin Hayes;DTD
2025-03-28;OTT;Sean Walker;1-2 weeks
2025-03-28;PIT;Ryan Poehling;DTD
2025-03-29;CBJ;Boone Jenner;1-2 weeks
2025-03-29;LAK;Gabe Vilardi;2-3 weeks
2025-03-29;MIN;Marian Studenic;DTD
2025-03-30;CBJ;Yegor Chinakhov;2-3 months
2025-03-30;OTT;Erik Brännström;2-3 weeks
2025-04-01;SEA;Jamie Oleksiak;1-2 months
2025-04-01;WPG;Matt Murray;DTD
2025-04-03;COL;Justin Richards;DTD
2025-04-03;DET;Marco Kasper;3-4 months
2025-04-05;BOS;Matthew Poitras;DTD
2025-04-05;NSH;Miles Wood;DTD
2025-04-05;NYR;Alex Formenton;DTD
2025-04-05;VAN;Cody Ceci;DTD
2025-04-07;MTL;Jordan Harris;DTD
2025-04-07;OTT;Dylan Gambrell;DTD
2025-04-08;DET;Andrew Copp;DTD
2025-04-08;FLA;Michael Del Zotto;1-2 months
2025-04-08;LAK;Colton Parayko;1-2 months
2025-04-08;NYI;Anders Lee;DTD
2025-04-08;NYR;Jordan Eberle;DTD
2025-04-08;SEA;Oskar Sundqvist;1-2 weeks
2025-04-09;VAN;David Gustafsson;DTD
2025-04-10;ARZ;Henrik Tömmernes;DTD
2025-04-10;MIN;Pavel Dorofeyev;2-3 months
2025-04-10;WPG;Chaz Lucius;DTD
2025-09-12;ARZ;Nick Schmaltz;1-2 weeks
2025-09-12;DET;Sebastian Cossa;DTD
2025-09-12;EDM;Mason Appleton;3-4 months
2025-09-12;LAK;Mikey Anderson;2-3 weeks
2025-09-12;NJD;Nico Hischier;DTD
2025-09-12;VGK;Samuel Girard;DTD
2025-09-14;ARZ;Lawson Crouse;1-2 weeks
2025-09-14;NSH;Alexander Kerfoot;1-2 weeks
2025-09-14;NYI;Brayden McNabb;1-2 months
2025-09-14;WAS;Alexander Suzdalev;1-2 months
2025-09-15;CHI;Spencer Sova;DTD
2025-09-15;DAL;Ryan Pulock;1-2 months
2025-09-15;NJD;Jesper Bratt;Indefinite
2025-09-15;VAN;Sean Monahan;1-2 weeks
2025-09-15;WAS;Garrett Pilon;1-2 weeks
2025-09-17;BOS;Jakub Lauko;DTD
2025-09-17;NSH;Miles Wood;DTD
2025-09-17;PIT;Kris Letang;DTD
2025-09-17;SJS;Logan Couture;DTD
2025-09-17;TBL;Nikita Kucherov;1-2 weeks
2025-09-18;CAR;Kale Clague;DTD
2025-09-18;CAR;Connor Dewar;3-4 months
2025-09-18;LAK;Tobias Björnfot;DTD
2025-09-18;WPG;Nils Lundkvist;1-2 weeks
2025-09-18;WPG;Pierre-Luc Dubois;1-2 weeks
2025-09-20;COL;Andrei Buyalsky;DTD
2025-09-20;CBJ;Yegor Chinakhov;1-2 weeks
2025-09-20;MIN;Hunter Haight;DTD
2025-09-20;TOR;Nolan Patrick;DTD
2025-09-20;VGK;Mason Lohrei;DTD
2025-09-21;ARZ;Jakob Chychrun;DTD
2025-09-21;CGY;MacKenzie Weegar;DTD
2025-09-21;CAR;Jaccob Slavin;DTD
2025-09-21;PHI;Joel Farabee;Indefinite
2025-09-21;TOR;Ty Voit;DTD
2025-09-26;PHI;Ilya Lyubushkin;DTD
2025-09-27;WAS;Mitchell Gibson;1-2 weeks
2025-09-30;VAN;Isac Lundeström;1-2 weeks
2025-09-30;WAS;Zachary Bolduc;3-4 months
